<!--         RIBCL Sample Script for HP Lights-Out Products          -->
<!--  Copyright 2003,2015 Hewlett Packard Enterprise Development LP  -->

<!-- Description:  This is a sample XML script to add a user to the  -->
<!--               database of local user on following devices:      -->
<!--                 Integrated Lights-Out 4 (iLO 4)                 -->
<!--                 Integrated Lights-Out 3 (iLO 3)                 -->
<!--                 Integrated Lights-Out 2 (iLO 2)                 -->

<!-- NOTE:  You will need to replace the USER_LOGIN and PASSWORD     -->
<!--        and other values inside the quotation marks with values  -->
<!--        that are appropriate for your environment.               -->

<!--        You might need to tailor this script for the firmware    -->
<!--        running on your Lights-Out device according to the       -->
<!--        information in "Firmware support information" comment(s).-->

<!--        Use CPQLOCFG.EXE ver 4.20 or greater for iLO2 and        -->
<!--        HPQLOCFG.EXE ver 1.00 or greater for iLO 3 and iLO 4     -->
<!--        with this script.                                        -->

<!--        This script was written for iLO 4 firmware version 1.01  -->
<!--        release.                                                 -->

<!--        See "HP Integrated Lights-Out Management Processor       -->
<!--        Scripting and Command Line Resource Guide" for more      -->
<!--        information on scripting and the syntax of the RIBCL     -->
<!--        XML.                                                     -->

<!--        Firmware support information for this script:            -->
<!--            iLO 4 - All versions.                                -->
<!--            iLO 3 - All versions.                                -->
<!--            iLO 2 - All versions.                                -->

<RIBCL VERSION="2.0">
   <LOGIN USER_LOGIN="adminname" PASSWORD="password">
      <USER_INFO MODE="write">
         <ADD_USER
           USER_NAME="User"
           USER_LOGIN="username"
           PASSWORD="password">
            <ADMIN_PRIV value ="N"/>
            <REMOTE_CONS_PRIV value ="Y"/>
            <RESET_SERVER_PRIV value ="N"/>
            <VIRTUAL_MEDIA_PRIV value ="N"/>            
            <CONFIG_ILO_PRIV value="Yes"/>
         </ADD_USER>
      </USER_INFO>
   </LOGIN>
</RIBCL>
