<!--         RIBCL Sample Script for HP Lights-Out Products          -->
<!--  Copyright 2003,2015 Hewlett Packard Enterprise Development LP  -->

<!-- Description: This a sample XML script to add an HP SIM Single   -->
<!--              Sign-On (SSO) server record to the end of the      -->
<!--              database on Integrated Lights-Out 2 (iLO 2),       -->
<!--              Integrated Lights-Out 3 (iLO 3) and                -->
<!--              Integrated Lights-Out 4 (iLO 4)                    -->


<!-- NOTE:  You will need to replace the USER_LOGIN and PASSWORD     -->
<!--        and other values inside the quotation marks with values  -->
<!--        that are appropriate for your environment.               -->

<!--        There are three alternatives to perform this operation:  -->
<!--        1) Add record by name.                                   -->
<!--        2) Add record by indirect import.                        -->
<!--        3) Add record by direct certificate import.              -->

<!--        HP SIM Single Sign-On requires iLO Advanced or iLO       -->
<!--        Select license.                                          -->

<!--        Modification of SSO settings requires Configure iLO      -->
<!--        privilege.                                               -->

<!--        Use CPQLOCFG.EXE ver 4.20 or greater for iLO2 and        -->
<!--        HPQLOCFG.EXE ver 1.00 or greater for iLO 3 and iLO 4     -->
<!--        with this script.                                        -->

<!--        This script was written for iLO 4 firmware version 1.01  -->
<!--        release.                                                 -->

<!--        See "HP Integrated Lights-Out Management Processor       -->
<!--        Scripting and Command Line Resource Guide" for more      -->
<!--        information on scripting and the syntax of the RIBCL     -->
<!--        XML.                                                     -->

<!--        Firmware support information for this script:            -->
<!--            iLO 4 - All versions                                 -->
<!--            iLO 3 - Version 1.05 or later.                       -->
<!--            iLO 2 - Version 1.30 or later.                       -->

<RIBCL VERSION="2.0">
   <LOGIN USER_LOGIN="adminname" PASSWORD="password">
      <SSO_INFO MODE="write">
         <!-- There are three alternatives to add an SSO server record, -->
         <!-- shown below. To use them, un-comment the desired          -->
         <!-- implementation and populate the appropriate data.         -->

         <!-- Alternative 1: add an HP SIM SSO server record by network -->
         <!--                Name.  Records added this way are only     -->
         <!--                honored if the SSO trust level is set to   -->
         <!--                TRUST ALL or TRUST BY NAME.                -->
         <SSO_SERVER NAME="hpsim01.hp.net" />

         <!-- Alternative 2: add an HP SIM SSO server record by indirect-->
         <!--                import.  iLO indirectly imports the encoded-->
         <!--                certificate by requesting it from the      -->
         <!--                specified network name.                    -->
         <!--
         <SSO_SERVER IMPORT_FROM="hpsim02.hp.net" />
         -->

         <!-- Alternative 3: add an HP SIM SSO server record by direct  -->
         <!--                certificate import. The x.509 DER encoded  -->
         <!--                certificate data you specify is added by   -->
         <!--                iLO.  You must include the lines of the    -->
         <!--                certificate including the opening and      -->
         <!--                closing lines.                             -->
         <!--
         <IMPORT_CERTIFICATE>
   -----BEGIN CERTIFICATE-----
   ...
   ... Certificate Data
   ...
   -----END CERTIFICATE-----
         </IMPORT_CERTIFICATE>
         -->

      </SSO_INFO>
   </LOGIN>
</RIBCL>
