<!--         RIBCL Sample Script for HP Lights-Out Products          -->
<!--  Copyright 2003,2015 Hewlett Packard Enterprise Development LP  -->

<!-- Description: This a sample XML script to configure Computer Lock-->
<!--              settings on:                                       -->
<!--              Integrated Lights-Out 4 (iLO 4)                    -->
<!--              Integrated Lights-Out 3 (iLO 3)                    -->
<!--              Integrated Lights-Out 2 (iLO 2)                    -->

<!-- NOTE:  You will need to replace the USER_LOGIN and PASSWORD     -->
<!--        and other values inside the quotation marks with values  -->
<!--        that are appropriate for your environment.               -->

<!--        Modification of Computer Lock settings requires Configure-->
<!--        iLO privilege.                                           -->

<!--        Use CPQLOCFG.EXE ver 4.20 or greater for iLO2 and        -->
<!--        HPQLOCFG.EXE ver 1.00 or greater for iLO 3 and iLO 4     -->
<!--        with this script.                                        -->

<!--        This script was written for iLO 4 firmware version 1.01  -->
<!--        release.                                                 -->

<!--        See "HP Integrated Lights-Out Management Processor       -->
<!--        Scripting and Command Line Resource Guide" for more      -->
<!--        information on scripting and the syntax of the RIBCL     -->
<!--        XML.                                                     -->

<!--        Firmware support information for this script:            -->
<!--            iLO 4 - All versions.                                -->
<!--            iLO 3 - All versions.                                -->
<!--            iLO 2 - Version 1.30 and later.                      -->

<RIBCL VERSION="2.0">
   <LOGIN USER_LOGIN="adminname" PASSWORD="password">
      <RIB_INFO MODE="write">
         <COMPUTER_LOCK_CONFIG>

            <!-- To set default Windows Computer Lock keys combination:      -->
            <COMPUTER_LOCK value="windows"/>

            <!-- To configure custom Computer Lock keys combination:         -->
            <!--
            <COMPUTER_LOCK value="custom"/>
            <COMPUTER_LOCK_KEY value="L_GUI,l"/>
            -->

            <!-- To disable Computer Lock feature:                           -->
            <!--
            <COMPUTER_LOCK value="disabled"/>
            -->

         </COMPUTER_LOCK_CONFIG>
      </RIB_INFO>
   </LOGIN>
</RIBCL>
