<!--         RIBCL Sample Script for HP Lights-Out Products          -->
<!--  Copyright 2012,2015 Hewlett Packard Enterprise Development LP  -->

<!-- Description:  This is a sample XML script to connect ERS to     -->
<!-- Insight  Online and perform the 1st step of server registration.-->
<!--    You must have an HP Passport Account to run this command.    -->
<!--    After completing the 2nd step in HP Insight Online,          -->
<!--    you must run the ERS_DC_CompleteRegistration.xml script      -->
<!--    to complete server registration.                             -->
<!-- NOTE:  You will need to replace the USER_LOGIN, PASSWORD,       -->
<!--        HP Passport credentials, and Web proxy settings with     -->
<!--        values that are appropriate for your environment.        -->
<!--        Use HPQLOCFG.EXE ver 1.0.0 or greater with this script.  -->
<!--        See "HP Integrated Lights-Out Management Processor       -->
<!--        Scripting and Command Line Resource Guide" for more      -->
<!--        information on scripting and the syntax of the RIBCL     -->
<!--        XML.                                                     -->
<!--        Firmware support infomation for this script:             -->
<!--            iLO 4 - v1.40 and later.                             -->
<!--            iLO 3 - None.                                        -->
<!--            iLO 2 - None.                                        -->

<RIBCL VERSION="2.22">
    <LOGIN USER_LOGIN="adminname" PASSWORD="password">
        <RIB_INFO MODE="write">
            <SET_ERS_DIRECT_CONNECT>
               <ERS_HPP_USER_ID value="HP_Passport_UserID"/>
               <ERS_HPP_PASSWORD value="HP_Passport_Password"/>
			   <!-- If your company uses a web proxy server to access 
                    the Internet, use the following tags to enter the proxy
                    information. Otherwise omit the tags.
                    If your web proxy does not require authentication, 
                    omit the ERS_WEB_PROXY_USERNAME, and ERS_WEB_PROXY_PASSWORD tags. 
                <ERS_WEB_PROXY_URL value="Web_Proxy_Server_Hostname_or_IP_address"/>
                <ERS_WEB_PROXY_PORT value="Web_Proxy_Server_Port"/>
               <ERS_WEB_PROXY_USERNAME value="Web_Proxy_Username"/>
               <ERS_WEB_PROXY_PASSWORD value="Web_Proxy_Password"/> -->
               </SET_ERS_DIRECT_CONNECT>
        </RIB_INFO>
    </LOGIN>
</RIBCL>
