<!--         RIBCL Sample Script for HP Lights-Out Products          -->
<!--  Copyright 2012,2015 Hewlett Packard Enterprise Development LP  -->

<!-- Description:  This is a sample XML script to connect ERS to     -->
<!--               Insight Remote Support server (IRS) and register  -->
<!--               the server                                        -->

<!-- NOTE:  You will need to replace the USER_LOGIN, PASSWORD,       -->
<!--        host name and port values with values that are           -->
<!--        appropriate for your environment.                        -->

<!--        Use HPQLOCFG.EXE ver 1.00 or greater with this script.   -->

<!--        See "HP Integrated Lights-Out Management Processor       -->
<!--        Scripting and Command Line Resource Guide" for more      -->
<!--        information on scripting and the syntax of the RIBCL     -->
<!--        XML.                                                     -->

<!--        Firmware support information for this script:            -->
<!--            iLO 4 - Version 1.10 or later.                       -->
<!--            iLO 3 - None.                                        -->
<!--            iLO 2 - None.                                        -->
<RIBCL VERSION="2.22">
    <LOGIN USER_LOGIN="adminname" PASSWORD="password">
        <RIB_INFO MODE="write">
            <!-- Command to connect ERS to IRS and register the server.-->
            <SET_ERS_IRS_CONNECT>
                <!-- Hostname or IP V4 address of IRS server-->
                <ERS_DESTINATION_URL value = "192.168.100.1"/>
                <!-- Port of IRS server                  -->
                <ERS_DESTINATION_PORT value = "7906"/>
            </SET_ERS_IRS_CONNECT>
        </RIB_INFO>
    </LOGIN>
</RIBCL>
