<!--         RIBCL Sample Script for HP Lights-Out Products          -->
<!--  Copyright 2012,2015 Hewlett Packard Enterprise Development LP  -->

<!-- Description:  This is a sample XML script to initiate AHS       -->
<!--               data submission to IRS.                           -->
<!-- NOTE:  You will need to replace the USER_LOGIN,PASSWORD,        -->
<!--        MESSAGE_ID and BB_DAYS                                   -->
<!--        values with values that are appropriate for your         -->
<!--        environment.                                             -->

<!--        Use HPQLOCFG.EXE ver 1.00 or greater with this script.   -->

<!--        See "HP Integrated Lights-Out Management Processor       -->
<!--        Scripting and Command Line Resource Guide" for more      -->
<!--        information on scripting and the syntax of the RIBCL     -->
<!--        XML.                                                     -->

<!--        Firmware support information for this script:            -->
<!--            iLO 4 - Version 1.10 or later.                       -->
<!--            iLO 3 - None.                                        -->
<!--            iLO 2 - None.                                        -->

<RIBCL VERSION="2.0">
    <LOGIN USER_LOGIN="adminname" PASSWORD="password">
        <RIB_INFO MODE="write">
            <!-- Command to initiate AHS data submission.            -->
            <TRIGGER_BB_DATA>
              <!-- Message UUID format used to match the AHS         -->
              <!-- package with this request.It will be returned in  -->
              <!-- the submission packeage SOAP evelope header       -->
              <MESSAGE_ID value="29FC4022-1CA4-1067-B31D-00DD010662DA"/>
                <!-- Number of days to include in the transmission,  -->
                <!--up to the last 7 days, not including today       -->
                <BB_DAYS value="4"/>
            </TRIGGER_BB_DATA>
        </RIB_INFO>
    </LOGIN>
</RIBCL>
