<!--         RIBCL Sample Script for HP Lights-Out Products          -->
<!--  Copyright 2013,2015 Hewlett Packard Enterprise Development LP  -->

<!-- Description: This is a sample XML script to return the status   -->
<!--              of TPM (Trusted Platform Module) with below        -->
<!--              outputs                                            -->
<!--              <TPM_SUPPORTED VALUE="Yes/No">                     -->
<!--              <TPM_PRESENT VALUE="Yes/No">                       -->
<!--              <TPM_ENABLED VALUE="Yes/No">                       -->


<!-- NOTE:  You will need to replace the USER_LOGIN and PASSWORD     -->
<!--        values with values that are appropriate for your         -->
<!--        environment.                                             -->

<!--        Use HPQLOCFG.EXE ver 1.00 or greater with this script.   -->

<!--        This script was written for iLO 4 firmware version 1.40  -->
<!--        release.                                                 -->

<!--        See "HP Integrated Lights-Out Management Processor       -->
<!--        Scripting and Command Line Resource Guide" for more      -->
<!--        information on scripting and the syntax of the RIBCL     -->
<!--        XML.                                                     -->

<!--        Firmware support infomation for this script:             -->
<!--            iLO 4 - Version 1.40 or later.                       -->
<!--            iLO 3 - Version 1.70 or later.                       -->
<!--            iLO 2 - None.                                        -->


<RIBCL VERSION="2.0">
  <LOGIN USER_LOGIN="adminname" PASSWORD="password">
    <SERVER_INFO MODE="read">
      <GET_TPM_STATUS/>
    </SERVER_INFO>
  </LOGIN>
</RIBCL>