<!--         RIBCL Sample Script for HP Lights-Out Products          -->
<!--    Copyright 2015 Hewlett Packard Enterprise Development LP     -->

<!-- Description:  This is a sample XML script to reset Hard Drive   -->
<!--                 Zoning to factory defaults for XL servers that  -->
<!--                   support hard drive zoning                     -->

<!-- NOTE:  You will need to replace the USER_LOGIN and PASSWORD     -->
<!--        values with values that are appropriate for your         -->
<!--        environment.                                             -->

<!--        Use HPQLOCFG v1.3.0.0 or greater with this script.       -->

<!--        This script was written for iLO 4 firmware version 2.10  -->
<!--        release.                                                 -->

<!--        See "HP Integrated Lights-Out Management Processor       -->
<!--        Scripting and Command Line Resource Guide" for more      -->
<!--        information on scripting and the syntax of the RIBCL     -->
<!--        XML.                                                     -->

<!--        Firmware support infomation for this script:             -->
<!--            iLO 4 - 2.10 and newer.                              -->


<RIBCL VERSION="2.0">
   <LOGIN USER_LOGIN="administrator" PASSWORD="password">
	<HARD_DRIVE_ZONE MODE="write">
            <ZONE_FACTORY_DEFAULTS>
		<TYPE_ID value="1"/>
                <SEP_NODE_ID value="0"/>
            </ZONE_FACTORY_DEFAULTS>
	</HARD_DRIVE_ZONE>
   </LOGIN>
</RIBCL>
