<!--         RIBCL Sample Script for HP Lights-Out Products          -->
<!--  Copyright 2003,2015 Hewlett Packard Enterprise Development LP  -->

<!-- Description:  This is a sample XML script to configure a set of -->
<!--               Remote Console hotkeys for iLO.                   -->

<!-- NOTE:  You will need to replace the USER_LOGIN and PASSWORD     -->
<!--        and other values inside the quotation marks with values  -->
<!--        that are appropriate for your environment.               -->

<!--        Use CPQLOCFG.EXE ver 4.20 or greater for iLO2 and        -->
<!--        HPQLOCFG.EXE ver 1.00 or greater for iLO 3 and iLO 4     -->
<!--        with this script.                                        -->

<!--        This script was written for iLO 2 firmware version 1.30  -->
<!--        release.                                                 -->

<!--        See "HP Integrated Lights-Out Management Processor       -->
<!--        Scripting and Command Line Resource Guide" for more      -->
<!--        information on scripting and the syntax of the RIBCL     -->
<!--        XML.                                                     -->

<!--        Firmware support information for this script:            -->
<!--            iLO 4 - 1.10 or later.                               -->
<!--            iLO 3 - 1.50 or later.                               -->
<!--            iLO 2 - All versions.                                -->

<RIBCL VERSION="2.0">
   <LOGIN USER_LOGIN="adminname" PASSWORD="password">
      <RIB_INFO MODE="write">
         <HOTKEY_CONFIG>
            <CTRL_T value="CTRL,ALT,ESC"/>
            <CTRL_U value="L_SHIFT,F10,F12"/>
            <CTRL_V value=""/>
            <CTRL_W value=""/>
            <CTRL_X value=""/>
            <CTRL_Y value=""/>
         </HOTKEY_CONFIG>
      </RIB_INFO>
   </LOGIN>
</RIBCL>
