<!--         RIBCL Sample Script for HP Lights-Out Products      -->
<!--Copyright 2008,2015 Hewlett Packard Enterprise Development LP-->
<!--                                                             -->
<!--  Description: This is a sample script to get the current    -->
<!--  iLO Configuration which includes Global Settings,          -->
<!--  Network Settings, User Information and Directory settings. -->
<!--  If it is used with hponcfg, then the output can be         -->
<!--  later used along with hponcfg_reformat.xsl to restore the  -->
<!--  iLO Configuration                                          -->
<!--  See the description of hponcfg_reformat.xsl for more       -->
<!--  details.                                                   -->
<!--                                                             -->
<!--  Supported Devices:                                         -->
<!--            Integrated Lights-Out 4 (iLO 4)                  -->
<!--            Integrated Lights-Out 3 (iLO 3)                  -->
<!--            Integrated Lights-Out 2 (iLO 2)                  -->
<!-- NOTE:  You will need to replace the USER_LOGIN and PASSWORD -->
<!--        values with values that are appropriate for your     -->
<!--        environment.                                         -->
<!--        Use CPQLOCFG.EXE ver 4.20 or greater for iLO2 and    -->
<!--        HPQLOCFG.EXE ver 1.00 or greater for iLO 3 and iLO 4 -->
<!--        with this script.                                    -->
<!--        This script was written for iLO 4 firmware version   -->
<!--        1.01 release.                                        -->
<!--                                                             -->
<!--        See "HP Integrated Lights-Out Management Processor   -->
<!--        Scripting and Command Line Resource Guide" for more  -->
<!--        information on scripting and the syntax of the RIBCL -->
<!--        XML.                                                 -->

<!--        Firmware support information for this script:        -->
<!--            iLO 4 - All versions.                            -->
<!--            iLO 3 - All versions.                            -->
<!--            iLO 2 - All versions.                            -->
<RIBCL VERSION="2.1">
    <LOGIN USER_LOGIN="adminname" PASSWORD="password">
      <RIB_INFO mode="read">
        <GET_NETWORK_SETTINGS/>
      </RIB_INFO>
	  <RIB_INFO mode="read">
        <GET_FIPS_STATUS/>
      </RIB_INFO>
      <RIB_INFO mode="read">
        <GET_GLOBAL_SETTINGS/>
      </RIB_INFO>
      <DIR_INFO mode="read">
        <GET_DIR_CONFIG/>
        </DIR_INFO>
      <RIB_INFO MODE="read">
        <GET_SNMP_IM_SETTINGS/>
      </RIB_INFO>
      <SERVER_INFO mode="read">
        <GET_HOST_POWER_SAVER_STATUS/>
      </SERVER_INFO>
      <USER_INFO mode="read">
        <GET_ALL_USER_INFO/>
      </USER_INFO>
      <SSO_INFO MODE ="read">
        <GET_SSO_SETTINGS/>
      </SSO_INFO>
      <SERVER_INFO MODE="read">
        <GET_SERVER_AUTO_PWR/>
       </SERVER_INFO>      
    </LOGIN>
</RIBCL>
