<!--         RIBCL Sample Script for HP Lights-Out Products          -->
<!--  Copyright 2009,2015 Hewlett Packard Enterprise Development LP  -->

<!-- Description:  This is a sample XML script to enable the data-   -->
<!--               center configuration lock for following devices:  -->
<!--                 Integrated Lights-Out 4 (iLO 4)                 -->
<!--                 Integrated Lights-Out 3 (iLO 3)                 -->
<!--                 Integrated Lights-Out 2 (iLO 2)                 -->

<!-- NOTE:  You will need to replace the USER_LOGIN and PASSWORD     -->
<!--        and other values inside the quotation marks with values  -->
<!--        that are appropriate for your environment.               -->

<!--        Use CPQLOCFG.EXE ver 4.20 or greater for iLO2 and        -->
<!--        HPQLOCFG.EXE ver 1.00 or greater for iLO 3 and iLO 4     -->
<!--        with this script.                                        -->

<!--        This script was written for iLO 4 firmware version 1.01  -->
<!--        release.                                                 -->

<!--        See "HP Integrated Lights-Out Management Processor       -->
<!--        Scripting and Command Line Resource Guide" for more      -->
<!--        information on scripting and the syntax of the RIBCL     -->
<!--        XML.                                                     -->

<!--        Firmware support information for this script:            -->
<!--            iLO 4 - All versions.                                -->
<!--            iLO 3 - All versions.                                -->
<!--            iLO 2 - Version 1.77 or later.                       -->

<RIBCL VERSION="2.0">
   <LOGIN USER_LOGIN="adminname" PASSWORD="password">
      <RIB_INFO MODE="write">
         <MOD_GLOBAL_SETTINGS>
            <!-- Modify the LOCK_CONFIGURATION attribute to alter the datacenter configuration lock
                 LOCK_CONFIGURATION value="N"   (default; Disable the lock)
                 LOCK_CONFIGURATION value="Y"   (Enable the lock; authentication required)
            -->
            <LOCK_CONFIGURATION value="Y"/>
            <!-- Modify the F8_LOGIN_REQUIRED attribute to alter the RBSU login requirement
                 F8_LOGIN_REQUIRED value="N"   (default; Allow access to iLO RBSU without login)
                 F8_LOGIN_REQUIRED value="Y"   (Require login  to iLO RBSU)
             -->
            <F8_LOGIN_REQUIRED  value="Y"/>
         </MOD_GLOBAL_SETTINGS>
      </RIB_INFO>
   </LOGIN>
</RIBCL>
