<!--         RIBCL Sample Script for HP Lights-Out Products          -->
<!--  Copyright 2003,2015 Hewlett Packard Enterprise Development LP  -->

<!-- Description:  This is a sample XML script to modify an existing -->
<!--               user's login id,display name, password and/or     -->
<!--               privileges in the database of local users on      -->
<!--               following devices:                                -->
<!--                 Integrated Lights-Out 4 (iLO 4)                 -->
<!--                 Integrated Lights-Out 3 (iLO 3)                 -->
<!--                 Integrated Lights-Out 2 (iLO 2)                 -->

<!-- NOTE:  You will need to replace the values inside the quote     -->
<!--        marks with values that are appropriate for your          -->
<!--        environment.                                             -->

<!--        Use CPQLOCFG.EXE ver 4.20 or greater for iLO2 and        -->
<!--        HPQLOCFG.EXE ver 1.00 or greater for iLO 3 and iLO 4     -->
<!--        with this script.                                        -->

<!--        This script was written for iLO 4 firmware version 1.01  -->
<!--        release.                                                 -->

<!--        See "HP Integrated Lights-Out Management Processor       -->
<!--        Scripting and Command Line Resource Guide" for more      -->
<!--        information on scripting and the syntax of the RIBCL     -->
<!--        XML.                                                     -->

<!--        Firmware support information for this script:            -->
<!--            iLO 4 - All versions.                                -->
<!--            iLO 3 - All versions.                                -->
<!--            iLO 2 - All versions.                                -->

<RIBCL VERSION="2.0">
   <LOGIN USER_LOGIN="adminname" PASSWORD="password">
      <USER_INFO MODE="write">
         <MOD_USER USER_LOGIN="username">
            <USER_NAME value="displayname"/>
            <USER_LOGIN value="newusername"/>
            <PASSWORD value="newpassword"/>
            <ADMIN_PRIV value="Yes"/>
            <REMOTE_CONS_PRIV value="No"/>
            <RESET_SERVER_PRIV value="Yes"/>
            <VIRTUAL_MEDIA_PRIV value="Yes"/>
            <CONFIG_ILO_PRIV value="Yes"/>            
         </MOD_USER>
      </USER_INFO>
   </LOGIN>
</RIBCL>
