<!--         RIBCL Sample Script for HP Lights-Out Products          -->
<!--  Copyright 2003,2015 Hewlett Packard Enterprise Development LP  -->

<!-- Description:  This is a sample XML script to configure the      -->
<!--               SNMP and Insight Manager integration settings for -->
<!--               following devices:                                -->
<!--                 Integrated Lights-Out 4 (iLO 4)                 -->
<!--                 Integrated Lights-Out 3 (iLO 3)                 -->
<!--                 Integrated Lights-Out 2 (iLO 2)                 -->

<!-- NOTE:  You will need to replace the USER_LOGIN and PASSWORD     -->
<!--        and other values inside the quotation marks with values  -->
<!--        that are appropriate for your environment.               -->

<!--        Use CPQLOCFG.EXE ver 4.20 or greater for iLO2 and        -->
<!--        HPQLOCFG.EXE ver 1.00 or greater for iLO 3 and iLO 4     -->
<!--        with this script.                                        -->

<!--        This script was written for iLO 4 firmware version 1.00  -->
<!--        release.                                                 -->

<!--        CIM_SECURITY_MASK should have values 1 (Disabled) or     -->
<!--        3 (Enabled.)                                             -->

<!--        See "HP Integrated Lights-Out Management Processor       -->
<!--        Scripting and Command Line Resource Guide" for more      -->
<!--        information on scripting and the syntax of the RIBCL     -->
<!--        XML.                                                     -->

<!--        Firmware support information for this script:            -->
<!--            iLO 4 - All versions.                                -->
<!--            iLO 3 - All versions.                                -->
<!--            iLO 2 - All Versions.                                -->

<RIBCL VERSION="2.0">
   <LOGIN USER_LOGIN="adminname" PASSWORD="password">
    <RIB_INFO MODE="write">
     <MOD_SNMP_IM_SETTINGS>
       <WEB_AGENT_IP_ADDRESS value="192.168.125.120"/>                
       <SNMP_ADDRESS_1 value="192.168.125.121"/>                      
       <SNMP_ADDRESS_2 value="192.168.125.122"/>                      
       <SNMP_ADDRESS_3 value="192.168.125.123"/>                      
       <OS_TRAPS value="Yes"/>                                        
       <SNMP_PASSTHROUGH_STATUS value="No"/>                         
       <RIB_TRAPS value="No"/>                                        
       <CIM_SECURITY_MASK value="3"/>                                 
           <!--   Firmware support information for the below tags:   -->
           <!--     iLO 4 - All versions.                            -->
           <!--     iLO 3 - None.                                    -->
           <!--     iLO 2 - None.                                    -->
       <SNMP_ADDRESS_1_ROCOMMUNITY VALUE="public1"/>
       <SNMP_ADDRESS_1_TRAPCOMMUNITY VERSION="v1" VALUE="trapcomm1"/>
       <SNMP_ADDRESS_2_ROCOMMUNITY VALUE="public2"/>
       <SNMP_ADDRESS_2_TRAPCOMMUNITY VERSION="v2c" VALUE="trapcomm2"/>
       <SNMP_ADDRESS_3_ROCOMMUNITY VALUE="public3"/>
       <SNMP_ADDRESS_3_TRAPCOMMUNITY VERSION="1" VALUE="trapcomm3"/>
       <AGENTLESS_MANAGEMENT_ENABLE value="Yes"/>
       <SNMP_SYS_CONTACT VALUE="Mr. System Administrator"/>
       <SNMP_SYS_LOCATION VALUE="HP Data Center, Hockley, TX"/>
       <SNMP_SYSTEM_ROLE VALUE="Brief Role Description [60 characters]"/>
       <SNMP_SYSTEM_ROLE_DETAIL VALUE="Extended role description [500 characters]"/>
       <COLD_START_TRAP_BROADCAST value="No"/>
           <!--   Firmware support information for next tag:         -->
           <!--     iLO 4 - 1.10 or later.                           -->
           <!--     iLO 3 - None.                                    -->
           <!--     iLO 2 - None.                                    -->
           <!--   Acceptable values for TRAP_SOURCE_IDENTIFIER:      -->
           <!--     iLO Hostname, OS Hostname			     -->
       <TRAP_SOURCE_IDENTIFIER value = "iLO Hostname"/>
           <!--   Firmware support information for next tags:        -->
           <!--     iLO 4 - 1.20 or later.                           -->
           <!--     iLO 3 - None.                                    -->
           <!--     iLO 2 - None.                                    -->
           <!--    Acceptable values for AUTHN_PROTOCOL: 0 or 1      -->
           <!--      0 is for MD5, 1 is for SHA                      -->
           <!--    Acceptable values for PRIVACY_PROTOCOL: 0 or 1    -->
           <!--      0 is for DES, 1 is for AES                      -->
       <SNMP_ACCESS_ENABLED value = "Yes"/>
       <SNMP_PORT value="161"/>
       <SNMP_TRAP_PORT value="162"/>
       <SNMP_V1_TRAPS VALUE="Yes"/>
       <SNMP_V3_ENGINE_ID VALUE="0x12345678"/>
       <SNMP_USER_PROFILE INDEX = "1">
         <SECURITY_NAME VALUE="SecurityName1"/> 
         <AUTHN_PROTOCOL VALUE="0"/>
         <AUTHN_PASSPHRASE VALUE="AuthenticationPassPhrase1"/>
         <PRIVACY_PROTOCOL VALUE="0"/>
         <PRIVACY_PASSPHRASE VALUE="PrivacyPassPhrase1"/>
       </SNMP_USER_PROFILE>
       <SNMP_USER_PROFILE INDEX = "2">
         <SECURITY_NAME VALUE="SecurityName2"/> 
         <AUTHN_PROTOCOL VALUE="0"/>
         <AUTHN_PASSPHRASE VALUE="AuthenticationPassPhrase2"/>
         <PRIVACY_PROTOCOL VALUE="0"/>
         <PRIVACY_PASSPHRASE VALUE="PrivacyPassPhrase20"/>
       </SNMP_USER_PROFILE> 
       <SNMP_USER_PROFILE INDEX = "3">
         <SECURITY_NAME VALUE="SecurityName3"/> 
         <AUTHN_PROTOCOL VALUE="0"/>
         <AUTHN_PASSPHRASE VALUE="AuthenticationPassPhrase3"/>
         <PRIVACY_PROTOCOL VALUE="0"/>
         <PRIVACY_PASSPHRASE VALUE="PrivacyPassPhrase3"/>
       </SNMP_USER_PROFILE>
    </MOD_SNMP_IM_SETTINGS>
  </RIB_INFO>
  </LOGIN>
</RIBCL>
