<!--         RIBCL Sample Script for HP Lights-Out Products          -->
<!--  Copyright 2003,2015 Hewlett Packard Enterprise Development LP  -->

<!-- Description:  This is a sample XML script to modify the current -->
<!--               schemaless diretory configuration on following    -->
<!--               device:                                           -->
<!--                 Integrated Lights-Out 4 (iLO 4)                 -->
<!--                 Integrated Lights-Out 3 (iLO 3)                 -->
<!--                 Integrated Lights-Out 2 (iLO 2)                 -->

<!-- NOTE:  You will need to replace the USER_LOGIN and PASSWORD     -->
<!--        values with values that are appropriate for your         -->
<!--        environment.                                             -->

<!-- NOTE:  Run Mod_directory.xml to enable Directory login,         -->
<!--        And to set the directory server address.                 -->

<!--               The Privilege values are:                         -->
<!--                   1 = Administer User Accounts                  -->
<!--                   2 = Remote Console Access                     -->
<!--                   3 = Virtual Power and Reset                   -->
<!--                   4 = Virtual Media                             -->
<!--                   5 = Configure iLO settings                    -->
<!--                   6 = Login Privilege                           -->
<!--               Values "6" is supported by iLO 3 and iLO 4        -->
<!--               firmware only.                                    -->

<!--        Use CPQLOCFG.EXE ver 4.20 or greater for iLO2 and        -->
<!--        HPQLOCFG.EXE ver 1.00 or greater for iLO 3 and iLO 4     -->
<!--        with this script.                                        -->

<!--        This script was written for iLO 3 firmware version 1.20  -->
<!--        release.                                                 -->

<!--        See "HP Integrated Lights-Out Management Processor       -->
<!--        Scripting and Command Line Resource Guide" for more      -->
<!--        information on scripting and the syntax of the RIBCL     -->
<!--        XML.                                                     -->

<!--        Firmware support information for this script:            -->
<!--            iLO 4 - All versions.                                -->
<!--            iLO 3 - All versions.                                -->
<!--            iLO 2 - Version 1.10 or later.                       -->

<RIBCL VERSION="2.0">
   <LOGIN USER_LOGIN="adminname" PASSWORD="password">
      <DIR_INFO MODE = "write">
         <MOD_DIR_CONFIG>
            <DIR_ENABLE_GRP_ACCT value = "Yes"/>

            <DIR_GRPACCT1_NAME value = "test1"/>
            <DIR_GRPACCT1_PRIV value = "3,4,5"/>
            <!--      Firmware support information for next tag:     -->
            <!--       iLO 4 - All versions.                         -->
            <!--       iLO 3 - Version 1.20 or later only            -->
            <DIR_GRPACCT1_SID value= "S-1-0"/>

            <DIR_GRPACCT2_NAME value = "test2"/>
            <DIR_GRPACCT2_PRIV value = "2,3,5"/>
            <!--      Firmware support information for next tag:     -->
            <!--       iLO 4 - All versions.                         -->
            <!--       iLO 3 - Version 1.20 or later only            -->
            <DIR_GRPACCT2_SID value= "S-2-0"/>

            <DIR_GRPACCT3_NAME value = "test3"/>
            <DIR_GRPACCT3_PRIV value = "1,3,4"/>
            <!--      Firmware support information for next tag:     -->
            <!--       iLO 4 - All versions.                         -->
            <!--       iLO 3 - Version 1.20 or later only            -->
            
            <DIR_GRPACCT3_SID value= "S-3-0"/>

            <DIR_GRPACCT4_NAME value = "test4"/>
            <DIR_GRPACCT4_PRIV value = "3,6"/>
            <!--      Firmware support information for next tag:     -->
            <!--       iLO 4 - All versions.                         -->
            <!--       iLO 3 - Version 1.20 or later only            -->
            
            <DIR_GRPACCT4_SID value= "S-4-0"/>
            
            <DIR_GRPACCT5_NAME value = "test5"/>
            <DIR_GRPACCT5_PRIV value = "2,3"/>
            <!--      Firmware support information for next tag:     -->
            <!--       iLO 4 - All versions.                         -->
            <!--       iLO 3 - Version 1.20 or later only            -->
            
            <DIR_GRPACCT5_SID value= "S-5-0"/>

            <DIR_GRPACCT6_NAME value = "test6"/>
            <DIR_GRPACCT6_PRIV value = "1,3,4,6"/>
            <!--      Firmware support information for next tag:    -->
            <!--       iLO 4 - All versions.                        -->
            <!--       iLO 3 - Version 1.20 or later only           -->
            
            <DIR_GRPACCT6_SID value= "S-6-0"/>

            <!-- alternative method for ilo3/4 only                 -->
            <!-- <DIR_GRPACCT INDEX="1">				            -->
            <!--       <NAME VALUE="string"/>				        -->
            <!--       <SID VALUE="S-1-0"/>				            -->
            <!--       <LOGIN_PRIV VALUE="Y"/>				        -->
            <!-- </DIR_GRPACCT> 					                -->

         </MOD_DIR_CONFIG>
      </DIR_INFO>
   </LOGIN>
</RIBCL>


