<!--         RIBCL Sample Script for HP Lights-Out Products          -->
<!--  Copyright 2003,2015 Hewlett Packard Enterprise Development LP  -->

<!-- NOTE:  You will need to replace the USER_LOGIN and PASSWORD     -->
<!--        and other values inside the quotation marks with values  -->
<!--        that are appropriate for your environment.               -->

<!--        You might need to tailor this script for the firmware    -->
<!--        running on your Lights-Out device according to the       -->
<!--        information in "Firmware support information" comment(s).-->

<!--        Double check your values before executing this script.   -->
<!--        Incorrect or mismatched port settings may cause you      -->
<!--        to lose the ability to connect to your Lights-Out device.-->

<!--        The Lights-Out device (not the server) will reset        -->
<!--        automatically to make changes to port settings effective -->

<!--        Setting the ILO_FUNCT_ENABLED to No will disable the     -->
<!--        management functions of iLO 4,iLO 3, and iLO 2. If       -->
<!--        disabled, you must use the iLO Security Override Switch  -->
<!--        on your server's system board  and the                   -->
<!--        iLO 4/iLO 3/iLO 2                                        -->
<!--        ROM-Based Setup Utility (F8) to re-enable iLO 4/iLO 3/   -->
<!--        iLO 2.                                                   -->

<!--        Use CPQLOCFG.EXE ver 4.20 or greater for iLO2 and        -->
<!--        HPQLOCFG.EXE ver 1.00 or greater for iLO 3 and iLO 4     -->
<!--        with this script.                                        -->

<!--        See "HP Integrated Lights-Out Management Processor       -->
<!--        Scripting and Command Line Resource Guide" for more      -->
<!--        information on scripting and the syntax of the RIBCL     -->
<!--        XML.                                                     -->

<!--        Firmware support information for this script:            -->
<!--            iLO 4 - All versions.                                -->
<!--            iLO 3 - All versions.                                -->
<!--            iLO 2 - All versions.                                -->

<RIBCL VERSION="2.0">
   <LOGIN USER_LOGIN="adminname" PASSWORD="password">
      <RIB_INFO MODE="write">
         <MOD_GLOBAL_SETTINGS>
            <SESSION_TIMEOUT value="0"/>
            <F8_PROMPT_ENABLED value="Yes"/>
            <HTTP_PORT value="80"/>
            <HTTPS_PORT value="443"/>
            <REMOTE_CONSOLE_PORT value="17990"/>         
            <MIN_PASSWORD value="8"/>
            <ILO_FUNCT_ENABLED value="Yes"/>
            <VIRTUAL_MEDIA_PORT value="17988"/>
            <LOCK_CONFIGURATION value="N"/>
            <F8_LOGIN_REQUIRED value="No"/>
            <SSH_PORT value="22"/>
            <SSH_STATUS value="Yes"/>
            <SERIAL_CLI_STATUS value="3"/>
            <SERIAL_CLI_SPEED value="1"/>
            <RBSU_POST_IP value="Y"/>
            <!--  Firmware support information for next 2 tags:      -->
              <!--      iLO 4 - All versions.                        -->
              <!--      iLO 3 - All versions.                        -->
              <!--      iLO 2 - Version 1.30 and later.              -->
            <ENFORCE_AES value="N"/>
            <AUTHENTICATION_FAILURE_LOGGING value="3"/>
            <!--  Firmware support information for next 2 tags:      -->
              <!--      iLO 4 - Version 2.30 and later.              -->
            <!-- <AUTHENTICATION_FAILURE_DELAY_SECS value="10"/>     -->
            <!-- <AUTHENTICATION_FAILURES_BEFORE_DELAY value="1"/>   -->
            <!--  Firmware support information for next 3 tags:      -->
              <!--      iLO 4 - 1.10 or later.                       -->
            <SNMP_ACCESS_ENABLED value = "No"/>
            <SNMP_PORT value="161"/>
            <SNMP_TRAP_PORT value="162"/> 
            <!--  Firmware support information for next 7 tags:      -->
              <!--      iLO 4 - 1.20 or later.                       -->
            <REMOTE_SYSLOG_ENABLE VALUE="Yes"/>
            <REMOTE_SYSLOG_PORT VALUE="514"/>
            <REMOTE_SYSLOG_SERVER_ADDRESS VALUE="172.20.60.152"/>
            <ALERTMAIL_ENABLE VALUE="yes"/>
            <ALERTMAIL_EMAIL_ADDRESS VALUE="user@domain.com"/>
            <ALERTMAIL_SENDER_DOMAIN VALUE="domain.com"/>
            <ALERTMAIL_SMTP_SERVER VALUE="smtp.domain.com" />
            <!--  Firmware support information for next tag:         -->
              <!--      iLO 4 - 1.30 or later.                       -->
            <ALERTMAIL_SMTP_PORT VALUE="25"/>
            <!--  Firmware support information for next 7 tags:      -->
              <!--      iLO 4 - 1.20 or later.                       -->
              <!--      iLO 3 - 1.55 or later.                       -->
            <IPMI_DCMI_OVER_LAN_ENABLED value="y"/>
            <!--  Firmware support information for next tag:         -->
              <!--      iLO 4 - 1.20 or later.                       -->
              <!--      iLO 2 - 2.09 or later.                       -->
            <VSP_LOG_ENABLE VALUE="yes" /> 
            <!--  Firmware support information for next tag:         -->
              <!--      iLO 4 - 1.30 or later.                       -->
              <!--      iLO 3 - 1.60 or later.                       -->
            <PROPAGATE_TIME_TO_HOST VALUE="Y" /> 
            <!--  Firmware support information for next 7 tags:      -->
              <!--      iLO 2 - All versions.                        -->
            <!-- <REMOTE_CONSOLE_PORT_STATUS value="2"/>             -->
            <!-- <REMOTE_CONSOLE_ENCRYPTION value="Yes"/>            -->
            <!-- <REMOTE_KEYBOARD_MODEL value="US"/>                 -->
            <!-- <PASSTHROUGH_CONFIG value="1"/>                     -->
            <!-- <TERMINAL_SERVICES_PORT value="3389"/>              -->
            <!-- <TELNET_ENABLE value="yes"/>                        -->
            <!-- <HIGH_PERFORMANCE_MOUSE value="Yes" />              -->
            <!--  Firmware support information for next 11 tags:     -->
              <!--      iLO 2 - Version 1.30 and later.              -->
            <!-- <CONSOLE_CAPTURE_ENABLE value="Yes" />              -->
            <!-- <CONSOLE_CAPTURE_BOOT_BUFFER_ENABLE value="Yes" />  -->
            <!-- <CONSOLE_CAPTURE_FAULT_BUFFER_ENABLE value="Yes" /> -->
            <!-- <INTERACTIVE_CONSOLE_REPLAY_ENABLE value="Yes" />   -->
            <!-- <CONSOLE_CAPTURE_PORT value="17990" />              -->
            <!-- <CAPTURE_AUTO_EXPORT_ENABLE value="No" />           -->
            <!-- <CAPTURE_AUTO_EXPORT_LOCATION value="HTTP://1.1.1.1/folder/capture.ilo" />  -->
            <!-- <CAPTURE_AUTO_EXPORT_USERNAME value="username" />   -->
            <!-- <CAPTURE_AUTO_EXPORT_PASSWORD value="password" />   -->
            <!-- <SHARED_CONSOLE_ENABLE value="No" />                -->
            <!-- <SHARED_CONSOLE_PORT value="9300" />                -->
            <!--  Firmware support information for next 2 tags:      -->
              <!--      iLO 2 - Version 1.77 and later.              -->
            <!-- <KEY_UP_KEY_DOWN value="Yes"/>                      -->
            <!-- <CAPTURE_MANUAL_EXPORT value="Yes"/>                -->
            <!--  Firmware support information for next tag:         -->
              <!--      iLO 2 - Version 1.10 and later.              -->
            <!-- <REMOTE_CONSOLE_ACQUIRE value="Yes"/>               -->
              <!--  Firmware support information for next tag:       -->
              <!--      iLO 2 - Version 1.43 and later.              -->
              <!--Note: iLO must be reset for new setting            -->
              <!-- VSP_SOFTWARE_FLOW_CONTROL to take effect.         -->
            <!-- <VSP_SOFTWARE_FLOW_CONTROL value="No"/>             -->
              <!--  Firmware support information for next tag:       -->
              <!--      iLO 2 - Version 1.50 and later.              -->
            <!-- <RAWVSP_PORT VALUE="3002"/>                         -->
              <!--  Firmware support information for next tag:       -->
              <!--      iLO 2 - Version 2.09 and later.              -->
            <!-- <ENHANCED_CLI_PROMPT_ENABLE VALUE="Yes"/>           -->
              <!--  Firmware support information for next tag:       -->
              <!--      iLO 2 - Version 2.12 and later.              -->
            <!-- <TCP_KEEP_ALIVE_ENABLE VALUE="Yes"/>                -->
            <!-- <SSL_EMPTY_RECORDS_ENABLE VALUE="Yes"/>             -->
              <!--  Firmware support information for next tag:       -->
              <!--      iLO 2 - Version 2.15 and later on            -->
              <!--              supported G5/G6 platforms            -->
            <!-- <VIRTUAL_KBMOUSE_CONNECTION VALUE="USB"/>           -->
            <!-- <VIRTUAL_KBMOUSE_CONNECTION VALUE="UHCI"/>          -->
              <!--  Firmware support information for next tag:       -->
              <!--      iLO 2 - Version 2.27 and later.              -->
            <!-- <SSL_V3_ENABLE VALUE="No"/>                         -->
         </MOD_GLOBAL_SETTINGS>
      </RIB_INFO>
   </LOGIN>
</RIBCL>