<!--         RIBCL Sample Script for HP Lights-Out Products          -->
<!--  Copyright 2003,2015 Hewlett Packard Enterprise Development LP  -->

<!-- Description:  This is a sample XML script to configure the      -->
<!--               Global Settings for following device:             -->
<!--                 Integrated Lights-Out 2 (iLO 2)                 -->

<!-- NOTE:  You will need to replace the USER_LOGIN and PASSWORD     -->
<!--        and other values inside the quotation marks with values  -->
<!--        that are appropriate for your environment.               -->

<!--        You might need to tailor this script for the firmware    -->
<!--        running on your Lights-Out device according to the       -->
<!--        information in "Firmware support information" comment(s).-->

<!--        Use CPQLOCFG.EXE ver 4.20 or greater with this script.   -->
<!--        This script was written for iLO 2 firmware version 1.50  -->
<!--        release.                                                 -->

<!--        See "HP Integrated Lights-Out Management Processor       -->
<!--        Scripting and Command Line Resource Guide" for more      -->
<!--        information on scripting and the syntax of the RIBCL     -->
<!--        XML.                                                     -->

<!--        Firmware support information for this script:            -->
<!--            iLO 4 - None.                                        -->
<!--            iLO 3 - None.                                        -->
<!--            iLO 2 - Version 1.43 and later.                      -->

<RIBCL VERSION="2.0">
   <LOGIN USER_LOGIN="adminname" PASSWORD="password">
      <RIB_INFO MODE="write">
         <MOD_GLOBAL_SETTINGS>
            <VSP_SOFTWARE_FLOW_CONTROL value = "No"/>
         </MOD_GLOBAL_SETTINGS>
         <!-- iLO 2 must be reset for new VSP_SOFTWARE_FLOW_CONTROL  -->
         <!-- setting to take effect.                                -->
         <RESET_RIB/>
      </RIB_INFO>
   </LOGIN>
</RIBCL>
