<!--         RIBCL Sample Script for HP Lights-Out Products          -->
<!--  Copyright 2003,2015 Hewlett Packard Enterprise Development LP  -->

<!-- Description:  This is a sample XML script to configure the      -->
<!--         virtual media port functionality on iLO.                -->

<!-- NOTE:  You will need to replace the USER_LOGIN and PASSWORD     -->
<!--        and other values inside the quotation marks with values  -->
<!--        that are appropriate for your environment.               -->

<!-- Help:                                                           -->
<!-- VMEDIA_DISABLE :                                                -->
<!--        To disable port set the VMEDIA_DISABLE to True/Yes/1/Y.  -->
<!--        To enable port set the VMEDIA_DISABLE to False/No/0/N.   -->
<!--        Enable or disable of port will reset the iLO.            -->
<!-- VIRTUAL_MEDIA_PORT:                                             -->
<!--       The VIRTUAL_MEDIA_PORT value specifies TCP port number    -->
<!--       on which Virtual Media Service listens. Change of port    -->
<!--       value results in reset of iLO.                            -->

<!-- NOTE: When the port is enabled, it allows the Integrated Remote -->
<!--       Console and the Virtual Media applet client to connect to -->
<!--       the iLO 2 Virtual Media Service. However, this setting    -->
<!--       does NOT affect the Scriptable Virtual Media feature.     -->

<!--        Use CPQLOCFG.EXE ver 4.20 or greater for iLO2 and        -->
<!--        HPQLOCFG.EXE ver 1.00 or greater for iLO 3 and iLO 4     -->
<!--        with this script.                                        -->

<!--       This script was written for iLO 4 firmware version 1.01   -->
<!--       release.                                                  -->

<!--       See "HP Integrated Lights-Out Management Processor        -->
<!--       Scripting and Command Line Resource Guide" for more       -->
<!--       information on scripting and the syntax of the RIBCL      -->
<!--       XML.                                                      -->

<!--        Firmware support information for this script:            -->
<!--            iLO 4 - All versions.                                -->
<!--            iLO 3 - All versions.                                -->
<!--            iLO 2 - All versions.                                -->


<RIBCL VERSION="2.0">
  <LOGIN USER_LOGIN="adminname" PASSWORD="password">
    <RIB_INFO MODE="write">
      <MOD_GLOBAL_SETTINGS>
   	  <!--  Firmware support information for the next tag           -->
	  <!--            iLO 4 - None                                  -->
	  <!--            iLO 3 - None                                  -->
	  <!--            iLO 2 - Version 2.06 or later.                -->
        <VMEDIA_DISABLE VALUE = "No"/>	  
	  <!--  Firmware support information for the next tag           -->
	  <!--            iLO 4 - All versions                          -->
	  <!--            iLO 3 - All versions                          -->
	  <!--            iLO 2 - All versions                          -->
        <VIRTUAL_MEDIA_PORT VALUE = "17988"/>
      </MOD_GLOBAL_SETTINGS>
    </RIB_INFO>
  </LOGIN>
</RIBCL>
