<!--         RIBCL Sample Script for HP Lights-Out Products          -->
<!--  Copyright 2003,2015 Hewlett Packard Enterprise Development LP  -->

<!-- Description:  This is a sample XML script to configure the      -->
<!--               front Diagnostic Port settings for a BL p-Class   -->
<!--               server blade equipped with one of following       -->
<!--               device:                                           -->
<!--                 Integrated Lights-Out 2 (iLO 2)                 -->


<!-- NOTE:  You will need to replace the USER_LOGIN and PASSWORD     -->
<!--        and other values inside the quotation marks with values  -->
<!--        that are appropriate for your environment.               -->

<!--        Double check your values before executing this script.   -->
<!--        Incorrect or mismatched network settings may cause you   -->
<!--        to lose the ability to connect to your iLO or iLO 2      -->
<!--        device.                                                  -->

<!--        Use CPQLOCFG.EXE ver 4.20 or greater with this script.   -->

<!--        This script was written for iLO 2 firmware version 1.30  -->
<!--        release.                                                 -->

<!--        See "HP Integrated Lights-Out Management Processor       -->
<!--        Scripting and Command Line Resource Guide" for more      -->
<!--        information on scripting and the syntax of the RIBCL     -->
<!--        XML.                                                     -->

<!--        Firmware support information for this script:            -->
<!--            iLO 4 - None.                                        -->
<!--            iLO 3 - None.                                        -->
<!--            iLO 2 - Version 1.10 to 1.81.                        -->

<RIBCL VERSION="2.0">
   <LOGIN USER_LOGIN="adminname" PASSWORD="password">
      <RACK_INFO MODE="write">
         <MOD_DIAGPORT_SETTINGS>
            <DP_SPEED_AUTOSELECT value="No"/>
            <DP_NIC_SPEED value="100"/>
            <DP_FULL_DUPLEX value="Yes"/>
            <DP_IP_ADDRESS value="192.168.142.56"/>
            <DP_SUBNET_MASK value="255.255.0.0"/>
         </MOD_DIAGPORT_SETTINGS>
      </RACK_INFO>
   </LOGIN>
</RIBCL>
