<!--         RIBCL Sample Script for HP Lights-Out Products          -->
<!--  Copyright 2003,2015 Hewlett Packard Enterprise Development LP  -->

<!-- Description:  This is a sample XML script to configure the      -->
<!--               encryption Settings for following devices:        -->
<!--                 Integrated Lights-Out 4 (iLO 4)                 -->

<!-- NOTE:  You will need to replace the USER_LOGIN and PASSWORD     -->
<!--        and other values inside the quotation marks with values  -->
<!--        that are appropriate for your environment.               -->

<!--        You might need to tailor this script for the firmware    -->
<!--        running on your Lights-Out device according to the       -->
<!--        information in "Firmware support information" comment(s).-->

<!--        Double check your values before executing this script.   -->
<!--        Incorrect or mismatched port settings may cause you      -->
<!--        to lose the ability to connect to your Lights-Out device.-->

<!--        The Lights-Out device (not the server) will reset        -->
<!--        automatically to make changes to port settings effective -->

<!--        Use HPQLOCFG.EXE ver 1.00 or greater  with this script.  -->

<!--        See "HP Integrated Lights-Out Management Processor       -->
<!--        Scripting and Command Line Resource Guide" for more      -->
<!--        information on scripting and the syntax of the RIBCL     -->
<!--        XML.                                                     -->

<!--        Firmware support information for this script:            -->
<!--            iLO 4 - 1.40 or later.                               -->
<!--            iLO 3 - None.                                        -->
<!--            iLO 2 - None.                                        -->

<RIBCL VERSION="2.0">
   <LOGIN USER_LOGIN="adminname" PASSWORD="password">
      <RIB_INFO MODE="write">
         <MOD_ENCRYPT_SETTINGS>
            <ESKM_USER_LOGIN VALUE="username"/>
            <ESKM_PASSWORD VALUE="password"/>
            <ILO_GROUP_NAME VALUE="groupname"/>
            <ESKM_CERT_NAME VALUE="certname"/>
            <ENABLE_REDUNDANCY VALUE = "Y"/>
            <ESKM_PRIMARY_SERVER_ADDRESS VALUE="0.0.0.0"/>
            <ESKM_PRIMARY_SERVER_PORT VALUE="0"/>
            <!-- Secondary Server Address & Port values are optional -->
            <ESKM_SECONDARY_SERVER_ADDRESS VALUE=""/>
            <ESKM_SECONDARY_SERVER_PORT VALUE=""/>
         </MOD_ENCRYPT_SETTINGS>
      </RIB_INFO>
   </LOGIN>
</RIBCL>