<!--         RIBCL Sample Script for HP Lights-Out Products          -->
<!--  Copyright 2003,2015 Hewlett Packard Enterprise Development LP  -->

<!-- Description:  This is a sample XML script that configures the   -->
<!--               iLO Shared Network Port with a user defined VLAN  -->
<!--               ID                                                -->

<!-- NOTE:  You will need to replace the USER_LOGIN and PASSWORD     -->
<!--        values with values that are appropriate for your         -->
<!--        environment.                                             -->

<!--        Use CPQLOCFG.EXE ver 4.20 or greater for iLO2 and        -->
<!--        HPQLOCFG.EXE ver 1.00 or greater for iLO 3 and iLO 4     -->
<!--        with this script.                                        -->

<!--        This script was written for iLO 4 firmware version 1.01  -->
<!--        release.                                                 -->

<!--        See "HP Integrated Lights-Out Management Processor       -->
<!--        Scripting and Command Line Resource Guide" for more      -->
<!--        information on scripting and the syntax of the RIBCL     -->
<!--        XML.                                                     -->

<!--        Firmware support information for this script:            -->
<!--            iLO 4 - All versions.                                -->
<!--            iLO 3 - All versions.                                -->
<!--            iLO 2 - Version 1.10 or later.                       -->

<RIBCL version="2.21">
   <LOGIN USER_LOGIN="adminname" PASSWORD="password">
      <RIB_INFO MODE="WRITE" >
         <MOD_NETWORK_SETTINGS>
            <ENABLE_NIC value="Yes"/>
            <SHARED_NETWORK_PORT VALUE="Yes"/>
            <!--        Firmware support information for next 2 tags:-->
            <!--            iLO 4 - All versions.                    -->
            <!--            iLO 3 - All versions.                    -->
            <!--            iLO 2 - Version 1.10 or later.           -->
            <VLAN_ENABLED VALUE="Yes"/>
            <VLAN_ID VALUE="1"/>
         </MOD_NETWORK_SETTINGS>
      </RIB_INFO>
   </LOGIN>
</RIBCL>
