<!--         RIBCL Sample Script for HP Lights-Out Products          -->
<!--  Copyright 2013,2015 Hewlett Packard Enterprise Development LP  -->

<!-- Description:  This is a sample XML script to modify a           -->
<!--               Federation group membership and associated        -->
<!--               privileges on the following devices:              -->
<!--                 Integrated Lights-Out 4 (iLO 4)                 -->

<!-- NOTE:  You will need to replace the USER_LOGIN and PASSWORD     -->
<!--        and other values inside the quotation marks with         -->
<!--        values that are appropriate for your environment.        -->

<!--        You might need to tailor this script for the firmware    -->
<!--        running on your Lights-Out device according to the       -->
<!--        information in "Firmware support information" comment(s).-->

<!--        Use HPQLOCFG.EXE ver 1.1.0 or greater with this script.  -->

<!--        See "HP Integrated Lights-Out Management Processor       -->
<!--        Scripting and Command Line Resource Guide" for more      -->
<!--        information on scripting and the syntax of the RIBCL     -->
<!--        XML.                                                     -->

<!--        Firmware support information for this script:            -->
<!--            iLO 4 - 1.40 or later.                               -->
<!--            iLO 3 - None.                                        -->
<!--            iLO 2 - None.                                        -->

<RIBCL VERSION="2.0">
   <LOGIN USER_LOGIN="adminname" PASSWORD="password">
      <RIB_INFO MODE="write">
         <MOD_FEDERATION_GROUP GROUP_NAME="groupname">
            <!-- The following XML tags are all optional. Any        -->
            <!-- Federation property not explicitly modified below   -->
            <!-- will retain its old value.                          -->
            <GROUP_NAME VALUE="newgroupname"/>
            <GROUP_KEY VALUE="newgroupkey"/>
            <ADMIN_PRIV VALUE="Yes"/>
            <REMOTE_CONS_PRIV VALUE="Yes"/>
            <RESET_SERVER_PRIV VALUE="Yes"/>
            <VIRTUAL_MEDIA_PRIV VALUE="Yes"/>
            <CONFIG_ILO_PRIV VALUE="Yes"/>
            <LOGIN_PRIV VALUE="Yes"/>
         </MOD_FEDERATION_GROUP>
      </RIB_INFO>         
   </LOGIN>
</RIBCL>