<!--         RIBCL Sample Script for HP Lights-Out Products          -->
<!--  Copyright 2003,2015 Hewlett Packard Enterprise Development LP  -->

<!-- Description:  This is a sample XML script to configure the      -->
<!--               network settings for iLO.                         -->

<!-- NOTE:  You will need to replace the USER_LOGIN and PASSWORD     -->
<!--        and other values inside the quotation marks with values  -->
<!--        that are appropriate for your environment.               -->

<!--        Double check all values before executing this script.    -->
<!--        Incorrect or mismatched network settings may cause you   -->
<!--        to lose the ability to connect to your Lights-Out device.-->

<!--        Use CPQLOCFG.EXE ver 4.20 or greater for iLO2 and        -->
<!--        HPQLOCFG.EXE ver 1.00 or greater for iLO 3 and iLO 4     -->
<!--        with this script.                                        -->

<!--        (CPQLOCFG.EXE ver 3.50 or greater is needed for IPv6.)   -->

<!--        This script was written for iLO 3 firmware version 1.20  -->
<!--        release.                                                 -->

<!--        See "HP Integrated Lights-Out Management Processor       -->
<!--        Scripting and Command Line Resource Guide" for more      -->
<!--        information on scripting and the syntax of the RIBCL     -->
<!--        XML.                                                     -->

<!--        Firmware support information for this script:            -->
<!--            iLO 4 - All versions.                                -->
<!--            iLO 3 - All versions.                                -->
<!--            iLO 2 - All versions.                                -->

<RIBCL VERSION="2.0">
   <LOGIN USER_LOGIN="adminname" PASSWORD="password">
      <RIB_INFO MODE="write">
         <MOD_NETWORK_SETTINGS>           
            <ENABLE_NIC value="Yes"/>
            <REG_DDNS_SERVER value="Yes"/>
            <PING_GATEWAY value="No"/>
            <DHCP_DOMAIN_NAME value="Yes"/>            
            <SPEED_AUTOSELECT value="YES"/>
            <NIC_SPEED value="100"/>
            <FULL_DUPLEX value="Yes"/>
            <DHCP_ENABLE value="No"/>
            <IP_ADDRESS value="172.20.60.152"/>
            <SUBNET_MASK value="255.255.255.0"/>
            <GATEWAY_IP_ADDRESS value="172.20.60.1"/>
            <DNS_NAME value="demoilo"/>
            <DOMAIN_NAME value="internal.com"/>
            <DHCP_GATEWAY value="Yes"/>
            <DHCP_DNS_SERVER value="Yes"/>
            <DHCP_WINS_SERVER value="Yes"/>
            <DHCP_STATIC_ROUTE value="Yes"/>
            <REG_WINS_SERVER value="Yes"/>
            <PRIM_DNS_SERVER value="0.0.0.0"/>
            <SEC_DNS_SERVER value="0.0.0.0"/>
            <TER_DNS_SERVER value="0.0.0.0"/>
            <PRIM_WINS_SERVER value="0.0.0.0"/>
            <SEC_WINS_SERVER value="0.0.0.0"/>

            <!--            iLO 2 - All versions.                  -->	                            
	    <!-- 
            <STATIC_ROUTE_1 DEST="0.0.0.0" GATEWAY="0.0.0.0"/>
            <STATIC_ROUTE_2 DEST="0.0.0.0" GATEWAY="0.0.0.0"/>
            <STATIC_ROUTE_3 DEST="0.0.0.0" GATEWAY="0.0.0.0"/> 
            -->
            <!--            iLO 3/iLO 4 - All versions.            -->
            <STATIC_ROUTE_1 DEST="0.0.0.0" MASK="0.0.0.0" GATEWAY="0.0.0.0"/>
            <STATIC_ROUTE_2 DEST="0.0.0.0" MASK="0.0.0.0" GATEWAY="0.0.0.0"/>
            <STATIC_ROUTE_3 DEST="0.0.0.0" MASK="0.0.0.0" GATEWAY="0.0.0.0"/>
              
            <!-- This tag can be used on an iLO blade server to force iLO  -->
            <!-- to attempt to get an IP address from the signal backplane -->
            <!-- in a server enclosure.  The IP address must be set prior  -->
            <!-- with Mod_Enc_Bay_IP_Settings.xml                          -->
            <ENCLOSURE_IP_ENABLE VALUE="Yes"/>
            <!--        Firmware support information for next 4 tags :     -->
            <!--            iLO 4 - All versions.                          -->
            <!--            iLO 3 - All versions.                          -->
            <!--            iLO 2 - None.                                  -->
            <DHCP_SNTP_SETTINGS value="Yes"/>
            <SNTP_SERVER1 value="0.0.0.0"/>
            <SNTP_SERVER2 value="0.0.0.0"/>
            <TIMEZONE value="America/Anchorage"/>
            <!--            iLO 4 - Version 1.20 or later                  -->
            <!--            iLO 3 - Version 1.50 or later.                 -->
            <!--            iLO 2 - None.                                  -->
            <!--
            <IPV6_ADDRESS VALUE="2001:DB8:2:1::15" PREFIXLEN="64"/>
            <IPV6_ADDRESS VALUE="2001:DB8:2:2::15" PREFIXLEN="64"/>
            <IPV6_ADDRESS VALUE="FC00:DB8:2:3::15" PREFIXLEN="64"/>
            <IPV6_ADDRESS VALUE="FC00:DB8:2:2::15"
                          PREFIXLEN="64"
                          ADDR_SOURCE="STATIC"
                          ADDR_STATUS="ACTIVE"/>
            <IPV6_STATIC_ROUTE_1
                          IPV6_DEST="::"
                          PREFIXLEN="0"
                          IPV6_GATEWAY="::"
                          ADDR_STATUS="INACTIVE"/>
            <IPV6_STATIC_ROUTE_2
                          IPV6_DEST="::"
                          PREFIXLEN="0"
                          IPV6_GATEWAY="::"
                          ADDR_STATUS="INACTIVE"/>
            <IPV6_STATIC_ROUTE_3
                          IPV6_DEST="2001:DB8:2002:3003::"
                          PREFIXLEN="64"
                          IPV6_GATEWAY="2001:DB8:1::40"
                          ADDR_STATUS="ACTIVE"/>
            <IPV6_PRIM_DNS_SERVER VALUE="2001:DB8:2:1::13"/>
            <IPV6_SEC_DNS_SERVER VALUE="::"/>
            <IPV6_TER_DNS_SERVER VALUE="::"/>
            <IPV6_DEFAULT_GATEWAY VALUE="::"/>
            <IPV6_PREFERRED_PROTOCOL VALUE="Y"/>
            <IPV6_ADDR_AUTOCFG VALUE="Y"/>
            <IPV6_REG_DDNS_SERVER VALUE="Y"/>
            <SNTP_SERVER1 VALUE="2001:DB8:2:1::13"/>
            <SNTP_SERVER2 VALUE="2001:DB8:1::13"/>
            -->
            <!--            iLO 4 - Version 1.30 and later.                -->
            <!--            iLO 3 - Version 1.60 and later.                -->
            <!--            iLO 2 - None                                   -->
            <!--
            <DHCPV6_STATELESS_ENABLE VALUE="Y"/>
            <DHCPV6_STATEFUL_ENABLE VALUE="Y"/>
            <DHCPV6_RAPID_COMMIT VALUE="N"/>
            <DHCPV6_SNTP_SETTINGS VALUE="N"/>
            <DHCPV6_DNS_SERVER VALUE="Y"/>
            -->
	        <!--            iLO 4 - Version 1.50 and later.                -->
           <!--            iLO 3 - Version 1.80 and later.                -->
           <!--            iLO 2 - None                                   -->
           <!--
           <DHCPV6_DOMAIN_NAME VALUE="Y"/>
           -->
           <!--            iLO 4 - Version 2.00 and later                 -->
           <!--            iLO 3 - None.                                  -->
           <!--            iLO 2 - None.                                  -->
           <!--  VALUES "DISABLED" "LINKACT" "RCVDATA" "DHCP"             -->
           <!--
           <ILO_NIC_AUTO_SELECT VALUE="DISABLED"/>
           -->
            <!--            iLO 4 - Version 2.40 and later                 -->
            <!--            iLO 3 - None.                                  -->
            <!--            iLO 2 - None.                                  -->
            <!--  VALUES "0" =off, or "2" =Scan ports 1 and 2              -->
            <!--
            <ILO_NIC_AUTO_SNP_SCAN VALUE="0"/>
            -->
            <!--            iLO 4 - Version 2.40 and later                 -->
            <!--            iLO 3 - None.                                  -->
            <!--            iLO 2 - None.                                  -->
            <!--  VALUES "90" through "1800" seconds                       -->
            <!--
            <ILO_NIC_AUTO_DELAY VALUE="90"/>
            -->
            <!--            iLO 4 - Version 2.40 and later                 -->
            <!--            iLO 3 - None.                                  -->
            <!--            iLO 2 - None.                                  -->
            <!--  VALUES "DISABLED" "LINKACT" "RCVDATA" "DHCP"             -->
            <!--                                                           -->
            <!--  To specify a value here other than disabled, the         -->
            <!--   ILO_NIC_AUTO_SELECT tag must also be present and        -->
            <!--   specifying a value other than disabled.                 -->
            <!--
            <ILO_NIC_FAIL_OVER VALUE="DISABLED"/>
            -->
            <!--            iLO 4 - Version 2.40 and later                 -->
            <!--            iLO 3 - None.                                  -->
            <!--            iLO 2 - None.                                  -->
            <!--  VALUES "30" through "3600" seconds                       -->
            <!--
            <ILO_NIC_FAIL_OVER_DELAY VALUE="300"/>
            -->
            <!--            iLO 4 - None.                                  -->
            <!--            iLO 3 - None.                                  -->
            <!--            iLO 2 - Version 2.20 or later.                 -->
            <!--
            <GRATUITOUS_ARP VALUE="N"/>
            -->
         </MOD_NETWORK_SETTINGS>
      </RIB_INFO>
   </LOGIN>
</RIBCL>
