<!--         RIBCL Sample Script for HP Lights-Out Products          -->
<!--  Copyright 2003,2015 Hewlett Packard Enterprise Development LP  -->

<!-- Description:  This is a sample XML script to configure rack     -->
<!--               settings for the BL p-Class blade infrastructure  -->

<!-- NOTE:  You will need to replace the USER_LOGIN and PASSWORD     -->
<!--        and other values inside the quotation marks with values  -->
<!--        that are appropriate for your environment.               -->

<!--        Use CPQLOCFG.EXE ver 4.20 or greater with this script.   -->

<!--        This script was written for iLO 2 firmware version 1.30  -->
<!--        release.                                                 -->

<!--        See "HP Integrated Lights-Out Management Processor       -->
<!--        Scripting and Command Line Resource Guide" for more      -->
<!--        information on scripting and the syntax of the RIBCL     -->
<!--        XML.                                                     -->

<!--        Firmware support information for this script:            -->
<!--            iLO 4 - None.                                        -->
<!--            iLO 3 - None.                                        -->
<!--            iLO 2 - Version 1.10 to 1.81.                        -->

<RIBCL VERSION="2.0">
   <LOGIN USER_LOGIN="adminname" PASSWORD="password">
      <RACK_INFO MODE="write">
         <MOD_BLADE_RACK>
            <RACK_NAME value="CPQRack1"/>
            <ENCLOSURE_NAME value="CPQEnclosure1"/>
            <BAY_NAME value="CPQBay5"/>
            <FACILITY_PWR_SOURCE value="Yes"/>
            <RACK_AUTO_PWR value="Yes"/>
            <SNMP_RACK_ALERTS value="Yes"/>
            <LOG_RACK_ALERTS value="Yes"/>
         </MOD_BLADE_RACK>
      </RACK_INFO>
   </LOGIN>
</RIBCL>
