<!--         RIBCL Sample Script for HP Lights-Out Products          -->
<!--  Copyright 2011,2015 Hewlett Packard Enterprise Development LP  -->

<!-- Description:  This is a sample XML script for modifying the     -->
<!--               Kerberos settings in the directory configuration. -->

<!-- NOTE:  You will need to replace the USER_LOGIN and PASSWORD     -->
<!--        values with values that are appropriate for your         -->
<!--        environment.                                             -->

<!-- NOTE: Enter the below mentioned fields as per your environment  -->
<!--       DIR_KERBEROS_REALM:  This parameter is the name of the    -->
<!--                 Kerberos realm in which the iLO is operating    -->
<!--       DIR_KERBEROS_KDC_ADDRESS: This parameter is the address   -->
<!--                 (IP address or DNS name) of the KDC             -->
<!--       DIR_KERBEROS_KDC_PORT: Default Value is 88                -->
<!--       DIR_KERBEROS_KEYTAB: string representing Base64 encoded   -->
<!--                 keytab file between the BEGIN and END lines     -->
<!--                 NOTE: This string should not contain any        -->
<!--                 additional white spaces.                        -->

<!--        Use HPQLOCFG.EXE ver 1.00 or greater with this script.   -->

<!--        This script was written for the iLO 3 v1.20 release.     -->

<!--        See "HP Integrated Lights-Out Management Processor       -->
<!--        Scripting and Command Line Resource Guide" for more      -->
<!--        information on scripting and the syntax of the RIBCL     -->
<!--        XML.                                                     -->

<!--        Firmware support information for this script:            -->
<!--            iLO 4 - All Versions.                                -->
<!--            iLO 3 - Version 1.20 or later.                       -->
<!--            iLO 2 - None.                                        -->

<RIBCL VERSION="2.0">
  <LOGIN USER_LOGIN="adminname" PASSWORD="password">
    <DIR_INFO MODE="write">
      <MOD_DIR_CONFIG>
        <DIR_KERBEROS_ENABLED value="Yes"/>
        <DIR_KERBEROS_REALM VALUE="realmname.domain.dom"/>
        <DIR_KERBEROS_KDC_ADDRESS VALUE="realmkdc.domain.dom"/>
        <DIR_KERBEROS_KDC_PORT VALUE="88"/>
        <DIR_KERBEROS_KEYTAB>
-----BEGIN KEYTAB-----
VGhpcyBpcyBhIHRlc3Qgb2YgdGhlIEJhc2U2NCBlbmNvZGVyLiAgVGhpcyBpcyBvbmx5IGEgdGVz
dC4=
-----END KEYTAB-----
            </DIR_KERBEROS_KEYTAB>            
         </MOD_DIR_CONFIG>
      </DIR_INFO>
   </LOGIN>
</RIBCL>