<!--         RIBCL Sample Script for HP Lights-Out Products          -->
<!--  Copyright 2003,2015 Hewlett Packard Enterprise Development LP  -->

<!-- Description: This a sample XML script to configure HP SIM       -->
<!--              Single Sign-ON (SSO) settings on Integrated        -->
<!--              Lights-Out 2  (iLO 2), Integrated Lights-Out 3     -->
<!--              (iLO 3) and Integrated Lights-Out 4 (iLO 4).       -->

<!-- NOTE:  You will need to replace the USER_LOGIN and PASSWORD     -->
<!--        and other values inside the quotation marks with values  -->
<!--        that are appropriate for your environment.               -->

<!--        HP SIM Single Sign-On requires advanced or select license-->

<!--        Modification of SSO settings requires Configure iLO      -->
<!--        privilege.                                               -->

<!--        Use CPQLOCFG.EXE ver 4.20 or greater for iLO2 and        -->
<!--        HPQLOCFG.EXE ver 1.00 or greater for iLO 3 and iLO 4     -->
<!--        with this script.                                        -->

<!--        This script was written for iLO 4 firmware version 1.01  -->
<!--        release.                                                 -->

<!--        See "HP Integrated Lights-Out Management Processor       -->
<!--        Scripting and Command Line Resource Guide" for more      -->
<!--        information on scripting and the syntax of the RIBCL     -->
<!--        XML.                                                     -->

<!--        Firmware support information for this script:            -->
<!--            iLO 4 - All Versions                                 -->
<!--            iLO 3 - Version 1.05 or later.                       -->
<!--            iLO 2 - Version 1.30 or later.                       -->

<RIBCL VERSION="2.0">
   <LOGIN USER_LOGIN="adminname" PASSWORD="password">
      <SSO_INFO MODE="write">
         <MOD_SSO_SETTINGS>
            <!-- Specify the desired trust mode value                -->
            <!--  Options: DISABLED    (default)                .    -->
            <!--           CERTIFICATE (recommended)                 -->
            <!--           NAME                                      -->
            <!--           ALL                                       -->
            <TRUST_MODE VALUE="CERTIFICATE" />

            <!-- Specify the privileges assigned to the user role    -->
            <USER_ROLE LOGIN_PRIV=        "Y" />
            <USER_ROLE REMOTE_CONS_PRIV=  "N" />
            <USER_ROLE RESET_SERVER_PRIV= "N" />
            <USER_ROLE VIRTUAL_MEDIA_PRIV="N" />
            <USER_ROLE CONFIG_ILO_PRIV=   "N" />
            <USER_ROLE ADMIN_PRIV=        "N" />

            <!-- Specify the privileges assigned to the operator role-->
            <OPERATOR_ROLE LOGIN_PRIV=        "Y" />
            <OPERATOR_ROLE REMOTE_CONS_PRIV=  "Y" />
            <OPERATOR_ROLE RESET_SERVER_PRIV= "Y" />
            <OPERATOR_ROLE VIRTUAL_MEDIA_PRIV="Y" />
            <OPERATOR_ROLE CONFIG_ILO_PRIV=   "N" />
            <OPERATOR_ROLE ADMIN_PRIV=        "N" />

            <!-- Specify the privileges assigned to the administrator-->
            <!-- role                                                -->
            <ADMINISTRATOR_ROLE LOGIN_PRIV=        "Y" />
            <ADMINISTRATOR_ROLE REMOTE_CONS_PRIV=  "Y" />
            <ADMINISTRATOR_ROLE RESET_SERVER_PRIV= "Y" />
            <ADMINISTRATOR_ROLE VIRTUAL_MEDIA_PRIV="Y" />
            <ADMINISTRATOR_ROLE CONFIG_ILO_PRIV=   "Y" />
            <ADMINISTRATOR_ROLE ADMIN_PRIV=        "Y" />

         </MOD_SSO_SETTINGS>

         <!-- Add an SSO server record using the network name        -->
         <!-- (works for TRUST_MODE VALUE="NAME" or VALUE="ALL")     -->
         <!--
         <SSO_SERVER NAME="hpsim1.hp.net" />
         -->

         <!-- Add an SSO server record using indirect iLO import from-->
         <!-- the network name.                                      -->
         <!--
         <SSO_SERVER IMPORT_FROM="hpsim2.hp.net" />
         -->

         <!-- Add an SSO server certificate record using direct iLO  -->
         <!-- import of valid data.                                  -->
         <!--
         <IMPORT_CERTIFICATE>
   -----BEGIN CERTIFICATE-----
   ...
   ... Certificate Data
   ...
   -----END CERTIFICATE-----
         </IMPORT_CERTIFICATE>
         -->
      </SSO_INFO>
   </LOGIN>
</RIBCL>

