<!--         RIBCL Sample Script for HP Lights-Out Products          -->
<!--  Copyright 2012,2015 Hewlett Packard Enterprise Development LP  -->

<!-- Description:  This is a sample XML script to write a            -->
<!--               Profile Description, download a specific blob     -->
<!--               and write the blob to the blobstore.              -->

<!-- NOTE:  You will need to replace the USER_LOGIN and PASSWORD     -->
<!--        values with values that are appropriate for your         -->
<!--        environment.                                             -->

<!--        Use HPQLOCFG.EXE ver 1.00 or greater  with this script.  -->

<!--        See "HP Integrated Lights-Out Management Processor       -->
<!--        Scripting and Command Line Resource Guide" for more      -->
<!--        information on scripting and the syntax of the RIBCL     -->
<!--        XML.                                                     -->

<!--        Firmware support information for this script:            -->
<!--            iLO 4 - version 1.10 or later                        -->
<!--            iLO 3 - None.                                        -->
<!--            iLO 2 - None.                                        -->

<RIBCL VERSION="2.2">
  <LOGIN USER_LOGIN="adminname" PASSWORD="password">
    <RIB_INFO MODE="write">
      <PROFILE_DESC_DOWNLOAD>       
        <!-- This section describes the Profile (or "Deployment")    -->
        <!-- NOTE:  All text fields must not contain inner quotes    -->
        <!--        or new-lines                                     -->
        <!-- required identification of profile/deployment           -->
        <!-- PROFILE_DESC_NAME must be:                              -->
        <!--   * unique on a server                                  -->
        <!--   * be less than or equal to 27 characters in length    -->
        <!--   * contain only alphanumeric characters and underscore -->
        <!--   * not contain spaces, dots or slashes                 -->
        <PROFILE_DESC_NAME VALUE="profile_desc_name"/> 
        <!-- optional - free text                                    -->
        <PROFILE_NAME VALUE="profile free form text name"/> 
        <!-- optional - free text                                    -->
        <PROFILE_DESCRIPTION VALUE="Profile free form text description"/>
        <!-- PROFILE_SCHEMA should always be this value              -->
        <PROFILE_SCHEMA VALUE="intelligentprovisioning.1.0.0"/>       
        <!-- This section describes how iLO should store the         -->
        <!-- downloaded profile internally.                          -->
        <!-- BLOB_NAMESPACE required - should always be "perm"       -->
        <BLOB_NAMESPACE VALUE="perm"/> 
        <!-- BLOB_NAME required.  This is the name iLO uses to store -->
        <!-- the profile internally.  This must be:                  -->
        <!--   * unique on a server                                  -->
        <!--   * less than or equal to 31 characters in length       -->
        <!--   * contain only alphanumeric characters and underscore -->
        <!--   * not contain spaces, dots or slashes                 -->
        <!-- RECOMMENDED:  use the same value used above in          -->
        <!--               PROFILE_DESC_NAME                         -->
        <BLOB_NAME VALUE="internal_unique_name"/>        
        <!-- This section describes where iLO should fetch the       -->
        <!-- profile for local storage.                              -->
        <!-- PROFILE_URL required:  iLO will attempt to download     -->
        <!-- the profile from this HTTP(s) server                    -->
        <PROFILE_URL VALUE="http(s)://uri_path_to_blob"/>
      </PROFILE_DESC_DOWNLOAD>
    </RIB_INFO>
  </LOGIN>
</RIBCL>