<!--         RIBCL Sample Script for HP Lights-Out Products          -->
<!--  Copyright 2012,2015 Hewlett Packard Enterprise Development LP  -->

<!-- Description:  This is a sample XML script to apply the          -->
<!--               Profile Descriptor.                               -->

<!-- NOTE:  You will need to replace the USER_LOGIN and PASSWORD     -->
<!--        values with values that are appropriate for your         -->
<!--        environment.                                             -->

<!--        Use HPQLOCFG.EXE ver 1.00 or greater with this script.   -->

<!--        See "HP Integrated Lights-Out Management Processor       -->
<!--        Scripting and Command Line Resource Guide" for more      -->
<!--        information on scripting and the syntax of the RIBCL     -->
<!--        XML.                                                     -->

<!--        Firmware support information for this script:            -->
<!--            iLO 4 - version 1.10 or later                        -->
<!--            iLO 3 - None.                                        -->
<!--            iLO 2 - None.                                        -->

<RIBCL VERSION="2.2">
  <LOGIN USER_LOGIN="adminname" PASSWORD="password">
    <RIB_INFO MODE="write">
      <PROFILE_APPLY>
        <!-- required identification of profile/deployment           -->
        <!-- PROFILE_DESC_NAME must be                               -->
        <!--   * unique on a server                                  -->
        <!--   * be less than or equal to 27 characters in length    -->
        <!--   * contain only alphanumeric characters and underscore -->
        <!--   * not contain spaces, dots or slashes		         -->
        <!-- NOTE:  All text fields must not contain inner quotes    -->
        <!--        or new-lines                                     -->
        <PROFILE_DESC_NAME VALUE="profile_desc_name"/>
        <!--required - this is currently unused and should be set to "none"-->
        <PROFILE_OPTIONS VALUE="none"/>
        <!-- required: Stage or Apply_Now 			     -->
        <PROFILE_ACTION VALUE="Stage"/>     
      </PROFILE_APPLY>
    </RIB_INFO>
  </LOGIN>
</RIBCL>