<!--         RIBCL Sample Script for HP Lights-Out Products          -->
<!--  Copyright 2009,2015 Hewlett Packard Enterprise Development LP  -->

<!-- Description:  This is a sample XML script to set the power      -->
<!--               alert threshold for following devices:            -->
<!--                 Integrated Lights-Out 4 (iLO 4)                 -->
<!--                 Integrated Lights-Out 3 (iLO 3)                 -->
<!--                 Integrated Lights-Out 2 (iLO 2)                 -->

<!--       The PWRALERT TYPE are:                                    -->
<!--           "DISABLED"                                            -->
<!--           "PEAK" : Represents the 1/2-seconds average power     -->
<!--                    reading during the sample                    -->
<!--           "AVERAGE" : Represents the mean power reading during  -->
<!--                       the sample                                -->


<!-- NOTE:  You will need to replace the USER_LOGIN and PASSWORD     -->
<!--        and other values inside the quotation marks with values  -->
<!--        that are appropriate for your environment.               -->

<!--        Use CPQLOCFG.EXE ver 4.20 or greater for iLO2 and        -->
<!--        HPQLOCFG.EXE ver 1.00 or greater for iLO 3 and iLO 4     -->
<!--        with this script.                                        -->

<!--        This script was written for iLO 4 firmware version 1.01  -->
<!--        release.                                                 -->

<!--        See "HP Integrated Lights-Out Management Processor       -->
<!--        Scripting and Command Line Resource Guide" for more      -->
<!--        information on scripting and the syntax of the RIBCL     -->
<!--        XML.                                                     -->

<!--        Firmware support information for this script:            -->
<!--            iLO 4 - All versions.                                -->
<!--            iLO 3 - All versions.                                -->
<!--            iLO 2 - Version 1.70 or later.                       -->

<RIBCL VERSION="2.0">
   <LOGIN USER_LOGIN="adminame" PASSWORD="password">
      <SERVER_INFO MODE="write">
         <SET_PWREG>
            <PWRALERT TYPE="PEAK"/>
            <PWRALERT_SETTINGS THRESHOLD="200" DURATION="35"/>
         </SET_PWREG>
      </SERVER_INFO>
   </LOGIN>
</RIBCL>
