<!--         RIBCL Sample Script for HP Lights-Out Products          -->
<!--  Copyright 2011,2015 Hewlett Packard Enterprise Development LP  -->

<!-- Description:  This is a sample XML script to Set Persistent     -->
<!--               Boot Order.                                       -->

<!-- NOTE:  You will need to replace the USER_LOGIN and PASSWORD     -->
<!--        and other values inside the quotation marks with values  -->
<!--        that are appropriate for your environment.               -->

<!--        Use CPQLOCFG.EXE ver 4.20 or greater for iLO2 and        -->
<!--        HPQLOCFG.EXE ver 1.00 or greater for iLO 3 and iLO 4     -->
<!--        with this script.                                        -->

<!--        This script was written for iLO 4 firmware version 1.01  -->
<!--        release.                                                 -->

<!--        This will take one or more boot devices from cdrom,      -->
<!--        floppy, hdd, usb, or network. If you do not list every   -->
<!--        option, the remaining options will be shifted towards    -->
<!--        the bottom of the list.                                  -->

<!--        See "HP Integrated Lights-Out Management Processor       -->
<!--        Scripting and Command Line Resource Guide" for more      -->
<!--        information on scripting and the syntax of the RIBCL     -->
<!--        XML.                                                     -->

<!--        Firmware support information for this script:            -->
<!--              iLO 4 - All versions. UEFI support added 1.40      -->
<!--              iLO 3 - All versions.                              -->
<!--              iLO 2 - Version 2.06 or later.                     -->

<RIBCL VERSION="2.0">
 <LOGIN USER_LOGIN="adminname" PASSWORD="password">
   <SERVER_INFO MODE="write">
     <!-- LEGACY Only Values: CDROM, FLOPPY, HDD, USB, NETWORK       -->
     <!--                                                            -->
     <!-- UEFI Only Values (iLO4 1.40 or later): Use the format      -->
     <!--     <DEVICE value = "BootXXXX" />                          -->
     <!-- Assignment of BootXXXX device names varies from system to  -->
     <!--   system and may change when the system reboots. Execute   -->
     <!--   Get_Persistent_Boot_Order.xml to determine the current   -->
     <!--   BootXXXX device assignments on your system, and choose   -->
     <!--   from those for the DEVICE values in SET_PERSISTENT_BOOT. -->
     <!--                                                            -->
     <!-- Note: FLOPPY drive boot is not supported in Gen9 Legacy    -->
     <!--       and UEFI modes                                       -->
     <SET_PERSISTENT_BOOT>
      <DEVICE value = "NETWORK" />
      <DEVICE value = "CDROM" />
     </SET_PERSISTENT_BOOT>
   </SERVER_INFO>
 </LOGIN>
</RIBCL>

