<!--         RIBCL Sample Script for HP Lights-Out Products          -->
<!--  Copyright 2003,2015 Hewlett Packard Enterprise Development LP  -->

<!-- Description:  This is a sample XML script to configure the      -->
<!--               virtual media boot options.                       -->

<!-- NOTE:  You will need to replace the USER_LOGIN and PASSWORD     -->
<!--        values with values that are appropriate for your         -->
<!--        environment.                                             -->

<!--        You might need to tailor this script for the firmware    -->
<!--        running on your Lights-Out device according to the       -->
<!--        information in "Firmware support information" comment(s).-->

<!--        Use CPQLOCFG.EXE ver 4.20 or greater for iLO2 and        -->
<!--        HPQLOCFG.EXE ver 1.00 or greater for iLO 3 and iLO 4     -->
<!--        with this script.                                        -->

<!--        This script was written for iLO 4 firmware version 1.01  -->
<!--        release.                                                 -->

<!--        See "HP Integrated Lights-Out Management Processor       -->
<!--        Scripting and Command Line Resource Guide" for more      -->
<!--        information on scripting and the syntax of the RIBCL     -->
<!--        XML.                                                     -->

<!--        Firmware support information for this script:            -->
<!--            iLO 4 - All versions.                                -->
<!--            iLO 3 - All versions.                                -->
<!--            iLO 2 - All versions.                                -->

<RIBCL VERSION="2.0">
   <LOGIN USER_LOGIN="adminname" PASSWORD="password">
      <RIB_INFO MODE="write">
		
         <!--        Firmware support information for next tag:      -->
         <!--            iLO 4 - All versions.                       -->
         <!--            iLO 3 - All versions.                       -->
         <!--            iLO 2 - All versions.                       -->
         <SET_VM_STATUS DEVICE="FLOPPY">
            <VM_BOOT_OPTION VALUE="BOOT_ONCE"/>
            <VM_WRITE_PROTECT VALUE="YES" />
         </SET_VM_STATUS>         
      </RIB_INFO>
   </LOGIN>
</RIBCL>
