<!--         RIBCL Sample Script for HP Lights-Out Products          -->
<!--  Copyright 2004,2015 Hewlett Packard Enterprise Development LP  -->

<!-- Description: This is a sample XML script that configures        -->
<!--              Lights-Out device to pass network traffic on the   -->
<!--              shared host network port.  Change                  -->
<!--              SHARED_NETWORK_PORT value to "N" to use the        -->
<!--              Lights-Out device NIC.  On servers that do not     -->
<!--              support this feature, this script generates an     -->
<!--              error.                                             -->


<!-- NOTE:  You will need to replace the USER_LOGIN and PASSWORD     -->
<!--        values with values that are appropriate for your         -->
<!--        environment.                                             -->

<!--        The feature is only offered on selected hosts            -->

<!--        After this script executes, Lights-Out device will be    -->
<!--        reset for the changes to take place.                     -->

<!--        Use CPQLOCFG.EXE ver 4.20 or greater for iLO2 and        -->
<!--        HPQLOCFG.EXE ver 1.00 or greater for iLO 3 and iLO 4     -->
<!--        with this script.                                        -->

<!-- SELECTIONS:                                                     -->
<!--   iLO 2 / iLO 3:                                                -->
<!--     Substitute:                            Desired NIC:         -->
<!--      <SHARED_NETWORK_PORT VALUE="N"/>       iLO NIC             -->
<!--      <SHARED_NETWORK_PORT VALUE="Y"/>       Host NIC            -->

<!--   iLO 4:                                                        -->
<!--     Substitute: Firmware version 1.01	 Desired NIC:            -->
<!--      <SHARED_NETWORK_PORT VALUE="N"/>       iLO NIC             -->
<!--      <SHARED_NETWORK_PORT VALUE="LOM"/>     LOM                 -->
<!--      <SHARED_NETWORK_PORT VALUE="FlexLOM"/> ALOM                -->
<!--      <SHARED_NETWORK_PORT VALUE="Y"/>       ALOM (if supported) -->
<!--                                             LOM (if ALOM is not -->
<!--                                                      supported) -->
<!--	 Substitute: Firmware version 1.05 or later  Desired NIC:    -->
<!--      <SHARED_NETWORK_PORT VALUE="N"/>           iLO NIC         -->
<!--      <SHARED_NETWORK_PORT VALUE="LOM"/>         LOM             -->
<!--      <SHARED_NETWORK_PORT VALUE="FlexibleLOM"/> ALOM            -->
<!--      <SHARED_NETWORK_PORT VALUE="Y"/>        LOM (if supported) -->
<!--                                             LOM (if ALOM is not -->
<!--                                                      supported) -->
<!--   iLO 4 NOTE:                                                   -->
<!--      SNP_PORT - iLO is unable to determine if port selection is -->
<!--      supported and how many ports and which ports are available.-->
<!--      The only way to know if the setting works is to reset iLO  -->
<!--      and if port selection was applied successfully, the port   -->
<!--      will be used, otherwise, it will default to Port 1.        -->
<!--                                                                 -->
<!--      "" (empty string) is allowed but will not program any port -->
<!--      nor will it reset iLO.                                     -->
<!--        See "HP Integrated Lights-Out Management Processor       -->
<!--        Scripting and Command Line Resource Guide" for more      -->
<!--        information on scripting and the syntax of the RIBCL     -->
<!--        XML.                                                     -->

<!--        Firmware support information for this script:            -->
<!--            iLO 4 - All versions.                                -->
<!--            iLO 3 - All versions.                                -->
<!--            iLO 2 - Version 1.10 or later.                       -->

<RIBCL version="2.21">
   <LOGIN USER_LOGIN="adminname" PASSWORD="password">
      <RIB_INFO MODE="WRITE" >
         <MOD_NETWORK_SETTINGS>
            <SHARED_NETWORK_PORT VALUE="N"/>
           <!--            iLO 4 - Version 2.00 and later           -->
           <!--            iLO 3 - None.                            -->
           <!--            iLO 2 - None.                            -->
           <!--  VALUES "", "1", "2"                                -->
           <!--
           <SNP_PORT VALUE="1"/>
           -->
         </MOD_NETWORK_SETTINGS>
      </RIB_INFO>
   </LOGIN>
</RIBCL>
